{
    "('zmean', 'zq5', 'zq70')": 0.7319066339741107,
    "('zq5', 'zq55', 'zq75')": 0.7477456918759005,
    "('zq5', 'zq65', 'zq75')": 0.7309423023402613,
    "('zmean', 'zq5', 'zq55', 'zq70')": 0.7473923315238002,
    "('zmean', 'zq5', 'zq55', 'zq75')": 0.7445867086832294,
    "('zmean', 'zq5', 'zq60', 'zq70')": 0.7313122658063685,
    "('zmean', 'zq5', 'zq65', 'zq70')": 0.7378253277137583,
    "('zmean', 'zq5', 'zq65', 'zq75')": 0.7367260549763623,
    "('zmean', 'zq5', 'zq70', 'zq75')": 0.7326932553316645,
    "('zq5', 'zq50', 'zq65', 'zq75')": 0.7327995964202676,
    "('zq5', 'zq55', 'zq60', 'zq75')": 0.7398022924008432,
    "('zq5', 'zq55', 'zq65', 'zq75')": 0.7467639008935498,
    "('zq5', 'zq55', 'zq70', 'zq75')": 0.7410548112437183,
    "('zq5', 'zq60', 'zq65', 'zq75')": 0.7335183874749915,
    "('zmean', 'zq5', 'zq50', 'zq55', 'zq70')": 0.7345622282066143,
    "('zmean', 'zq5', 'zq50', 'zq55', 'zq75')": 0.7326871882003512,
    "('zmean', 'zq5', 'zq50', 'zq65', 'zq75')": 0.7302664836256445,
    "('zmean', 'zq5', 'zq50', 'zq70', 'zq75')": 0.7315068008955518,
    "('zmean', 'zq5', 'zq55', 'zq60', 'zq70')": 0.7377630966223059,
    "('zmean', 'zq5', 'zq55', 'zq60', 'zq75')": 0.744234247816489,
    "('zmean', 'zq5', 'zq55', 'zq65', 'zq70')": 0.7432392393958673,
    "('zmean', 'zq5', 'zq55', 'zq65', 'zq75')": 0.7448303867429122,
    "('zmean', 'zq5', 'zq55', 'zq70', 'zq75')": 0.7486552835893272,
    "('zmean', 'zq5', 'zq60', 'zq65', 'zq70')": 0.7320171464367031,
    "('zmean', 'zq5', 'zq60', 'zq65', 'zq75')": 0.7355271626124126,
    "('zmean', 'zq5', 'zq60', 'zq70', 'zq75')": 0.7368570003157398,
    "('zmean', 'zq5', 'zq65', 'zq70', 'zq75')": 0.7368888331242157,
    "('zq5', 'zq50', 'zq55', 'zq65', 'zq75')": 0.731941096441173,
    "('zq5', 'zq55', 'zq60', 'zq65', 'zq75')": 0.7424838724835535,
    "('zq5', 'zq55', 'zq60', 'zq70', 'zq75')": 0.7426558932911334,
    "('zq5', 'zq55', 'zq65', 'zq70', 'zq75')": 0.742565361259179
}