{
    "('zmean', 'zq5', 'zq70')": 0.7309408862873186,
    "('zmean', 'zq5', 'zq75')": 0.7271313829561856,
    "('zmean', 'zq50', 'zq70')": 0.7037921660899012,
    "('zmean', 'zq50', 'zq75')": 0.7084510571699265,
    "('zmean', 'zq55', 'zq70')": 0.7055929895179157,
    "('zmean', 'zq55', 'zq75')": 0.7091207543339412,
    "('zq5', 'zq50', 'zq75')": 0.7296530983606625,
    "('zq5', 'zq55', 'zq75')": 0.7239525576745219,
    "('zq5', 'zq60', 'zq75')": 0.719508093220998,
    "('zq5', 'zq65', 'zq75')": 0.7003656490130137,
    "('zq50', 'zq70', 'zq75')": 0.707252657232136,
    "('zq55', 'zq65', 'zq75')": 0.7062221904200636,
    "('zq55', 'zq70', 'zq75')": 0.7012606618194466,
    "('zmean', 'zq5', 'zq50', 'zq70')": 0.7245071894892894,
    "('zmean', 'zq5', 'zq50', 'zq75')": 0.7361626100179948,
    "('zmean', 'zq5', 'zq55', 'zq65')": 0.7081674673870205,
    "('zmean', 'zq5', 'zq55', 'zq70')": 0.7298813606202339,
    "('zmean', 'zq5', 'zq55', 'zq75')": 0.7420510254058514,
    "('zmean', 'zq5', 'zq60', 'zq70')": 0.7236861684398763,
    "('zmean', 'zq5', 'zq60', 'zq75')": 0.7249631816078619,
    "('zmean', 'zq5', 'zq65', 'zq70')": 0.7204545777942671,
    "('zmean', 'zq5', 'zq65', 'zq75')": 0.7326367848684059,
    "('zmean', 'zq5', 'zq70', 'zq75')": 0.7249035603470901,
    "('zmean', 'zq50', 'zq55', 'zq75')": 0.7011273277095867,
    "('zmean', 'zq50', 'zq70', 'zq75')": 0.7096892378820977,
    "('zmean', 'zq55', 'zq65', 'zq70')": 0.7045278357680271,
    "('zmean', 'zq55', 'zq65', 'zq75')": 0.7020558534671145,
    "('zmean', 'zq55', 'zq70', 'zq75')": 0.7111710185856135,
    "('zmean', 'zq65', 'zq70', 'zq75')": 0.7041025086010249,
    "('zq5', 'zq50', 'zq55', 'zq75')": 0.7167190314861427,
    "('zq5', 'zq50', 'zq60', 'zq75')": 0.7148448602700276,
    "('zq5', 'zq50', 'zq65', 'zq75')": 0.7211975401429694,
    "('zq5', 'zq50', 'zq70', 'zq75')": 0.7285988150880737,
    "('zq5', 'zq55', 'zq60', 'zq70')": 0.7011911241688862,
    "('zq5', 'zq55', 'zq60', 'zq75')": 0.7231309108196492,
    "('zq5', 'zq55', 'zq65', 'zq75')": 0.7242719239461041,
    "('zq5', 'zq55', 'zq70', 'zq75')": 0.7232669983559255,
    "('zq5', 'zq60', 'zq65', 'zq75')": 0.7148988467204245,
    "('zq5', 'zq60', 'zq70', 'zq75')": 0.7183526638083331,
    "('zq5', 'zq65', 'zq70', 'zq75')": 0.7021711172882602,
    "('zq55', 'zq60', 'zq70', 'zq75')": 0.7016577041502212,
    "('zq55', 'zq65', 'zq70', 'zq75')": 0.7021865997372083,
    "('zmean', 'zq5', 'zq50', 'zq55', 'zq70')": 0.7222665662756848,
    "('zmean', 'zq5', 'zq50', 'zq55', 'zq75')": 0.7240040508889033,
    "('zmean', 'zq5', 'zq50', 'zq60', 'zq70')": 0.7167628644242887,
    "('zmean', 'zq5', 'zq50', 'zq60', 'zq75')": 0.7226082089336426,
    "('zmean', 'zq5', 'zq50', 'zq65', 'zq70')": 0.7159086123030264,
    "('zmean', 'zq5', 'zq50', 'zq65', 'zq75')": 0.725486139321999,
    "('zmean', 'zq5', 'zq50', 'zq70', 'zq75')": 0.7286920059783457,
    "('zmean', 'zq5', 'zq55', 'zq60', 'zq70')": 0.7328501909361963,
    "('zmean', 'zq5', 'zq55', 'zq60', 'zq75')": 0.7356662023254465,
    "('zmean', 'zq5', 'zq55', 'zq65', 'zq70')": 0.7276575071130574,
    "('zmean', 'zq5', 'zq55', 'zq65', 'zq75')": 0.73316678724702,
    "('zmean', 'zq5', 'zq55', 'zq70', 'zq75')": 0.7450808489397056,
    "('zmean', 'zq5', 'zq60', 'zq65', 'zq70')": 0.71917149850249,
    "('zmean', 'zq5', 'zq60', 'zq65', 'zq75')": 0.726343970864763,
    "('zmean', 'zq5', 'zq60', 'zq70', 'zq75')": 0.7228889719171732,
    "('zmean', 'zq5', 'zq65', 'zq70', 'zq75')": 0.730296466542455,
    "('zmean', 'zq50', 'zq55', 'zq65', 'zq75')": 0.7008754752984011,
    "('zmean', 'zq50', 'zq55', 'zq70', 'zq75')": 0.7043208498406525,
    "('zmean', 'zq50', 'zq60', 'zq70', 'zq75')": 0.7017260400454639,
    "('zmean', 'zq50', 'zq65', 'zq70', 'zq75')": 0.7064370748961122,
    "('zmean', 'zq55', 'zq60', 'zq65', 'zq75')": 0.7066923753908705,
    "('zmean', 'zq55', 'zq60', 'zq70', 'zq75')": 0.7040566295675801,
    "('zmean', 'zq55', 'zq65', 'zq70', 'zq75')": 0.7114573975004841,
    "('zq5', 'zq50', 'zq55', 'zq60', 'zq75')": 0.7140113998135778,
    "('zq5', 'zq50', 'zq55', 'zq65', 'zq75')": 0.7143478774603507,
    "('zq5', 'zq50', 'zq55', 'zq70', 'zq75')": 0.7231858574038348,
    "('zq5', 'zq50', 'zq60', 'zq65', 'zq75')": 0.718276062176516,
    "('zq5', 'zq50', 'zq60', 'zq70', 'zq75')": 0.7167343328550667,
    "('zq5', 'zq50', 'zq65', 'zq70', 'zq75')": 0.7189785455360754,
    "('zq5', 'zq55', 'zq60', 'zq65', 'zq75')": 0.730355958859911,
    "('zq5', 'zq55', 'zq60', 'zq70', 'zq75')": 0.723856146409583,
    "('zq5', 'zq55', 'zq65', 'zq70', 'zq75')": 0.7198200966752034,
    "('zq5', 'zq60', 'zq65', 'zq70', 'zq75')": 0.7121749200285283
}